https://images.pexels.com/photos/762020/pexels-photo-762020.jpeg?auto=compress&cs=tinysrgb&dpr=1&w=500,newfolder\image_05-02-2024-16-00-59-442203.jpg.jpg,scraped-images-b1/newfolder\image_05-02-2024-16-00-59-442203.jpg.jpg
https://images.pexels.com/photos/7275385/pexels-photo-7275385.jpeg?auto=compress&cs=tinysrgb&dpr=1&w=252&fit=crop&h=408,newfolder\image_05-02-2024-16-01-01-376292.jpg.jpg,scraped-images-b1/newfolder\image_05-02-2024-16-01-01-376292.jpg.jpg
https://images.pexels.com/photos/6962024/pexels-photo-6962024.jpeg?auto=compress&cs=tinysrgb&h=204&fit=crop&w=228&dpr=1,newfolder\image_05-02-2024-16-01-02-966983.jpg.jpg,scraped-images-b1/newfolder\image_05-02-2024-16-01-02-966983.jpg.jpg
https://images.pexels.com/photos/6626882/pexels-photo-6626882.jpeg?auto=compress&cs=tinysrgb&h=204&fit=crop&w=228&dpr=1,newfolder\image_05-02-2024-16-01-04-547674.jpg.jpg,scraped-images-b1/newfolder\image_05-02-2024-16-01-04-547674.jpg.jpg
https://images.pexels.com/photos/3789888/pexels-photo-3789888.jpeg?auto=compress&cs=tinysrgb&dpr=1&w=500,newfolder\image_05-02-2024-16-01-06-216297.jpg.jpg,scraped-images-b1/newfolder\image_05-02-2024-16-01-06-216297.jpg.jpg
https://images.pexels.com/photos/3777946/pexels-photo-3777946.jpeg?auto=compress&cs=tinysrgb&dpr=1&w=500,newfolder\image_05-02-2024-16-01-07-882826.jpg.jpg,scraped-images-b1/newfolder\image_05-02-2024-16-01-07-882826.jpg.jpg
https://images.pexels.com/photos/3777952/pexels-photo-3777952.jpeg?auto=compress&cs=tinysrgb&dpr=1&w=500,newfolder\image_05-02-2024-16-01-09-674267.jpg.jpg,scraped-images-b1/newfolder\image_05-02-2024-16-01-09-674267.jpg.jpg
https://images.pexels.com/photos/1975342/pexels-photo-1975342.jpeg?auto=compress&cs=tinysrgb&dpr=1&w=500,newfolder\image_05-02-2024-16-01-11-266154.jpg.jpg,scraped-images-b1/newfolder\image_05-02-2024-16-01-11-266154.jpg.jpg
https://images.pexels.com/photos/37546/woman-portrait-face-studio-37546.jpeg?auto=compress&cs=tinysrgb&dpr=1&w=500,newfolder\image_05-02-2024-16-01-12-867925.jpg.jpg,scraped-images-b1/newfolder\image_05-02-2024-16-01-12-867925.jpg.jpg
https://images.pexels.com/photos/1170261/pexels-photo-1170261.jpeg?auto=compress&cs=tinysrgb&dpr=1&w=500,newfolder\image_05-02-2024-16-01-14-725338.jpg.jpg,scraped-images-b1/newfolder\image_05-02-2024-16-01-14-725338.jpg.jpg
https://images.pexels.com/photos/3777948/pexels-photo-3777948.jpeg?auto=compress&cs=tinysrgb&dpr=1&w=500,newfolder\image_05-02-2024-16-01-16-413987.jpg.jpg,scraped-images-b1/newfolder\image_05-02-2024-16-01-16-413987.jpg.jpg
https://images.pexels.com/photos/1445527/pexels-photo-1445527.jpeg?auto=compress&cs=tinysrgb&dpr=1&w=500,newfolder\image_05-02-2024-16-01-18-219742.jpg.jpg,scraped-images-b1/newfolder\image_05-02-2024-16-01-18-219742.jpg.jpg
https://images.pexels.com/photos/3812742/pexels-photo-3812742.jpeg?auto=compress&cs=tinysrgb&dpr=1&w=500,newfolder\image_05-02-2024-16-01-19-815022.jpg.jpg,scraped-images-b1/newfolder\image_05-02-2024-16-01-19-815022.jpg.jpg
https://images.pexels.com/photos/3778602/pexels-photo-3778602.jpeg?auto=compress&cs=tinysrgb&dpr=1&w=500,newfolder\image_05-02-2024-16-01-21-555022.jpg.jpg,scraped-images-b1/newfolder\image_05-02-2024-16-01-21-555022.jpg.jpg
https://images.pexels.com/photos/1526403/pexels-photo-1526403.jpeg?auto=compress&cs=tinysrgb&dpr=1&w=500,newfolder\image_05-02-2024-16-01-23-178015.jpg.jpg,scraped-images-b1/newfolder\image_05-02-2024-16-01-23-178015.jpg.jpg
https://images.pexels.com/photos/1001180/pexels-photo-1001180.jpeg?auto=compress&cs=tinysrgb&dpr=1&w=500,newfolder\image_05-02-2024-16-01-25-106633.jpg.jpg,scraped-images-b1/newfolder\image_05-02-2024-16-01-25-106633.jpg.jpg
https://images.pexels.com/photos/1854169/pexels-photo-1854169.jpeg?auto=compress&cs=tinysrgb&dpr=1&w=500,newfolder\image_05-02-2024-16-01-26-927147.jpg.jpg,scraped-images-b1/newfolder\image_05-02-2024-16-01-26-927147.jpg.jpg
https://images.pexels.com/photos/3811717/pexels-photo-3811717.jpeg?auto=compress&cs=tinysrgb&dpr=1&w=500,newfolder\image_05-02-2024-16-01-29-026460.jpg.jpg,scraped-images-b1/newfolder\image_05-02-2024-16-01-29-026460.jpg.jpg
https://images.pexels.com/photos/4171757/pexels-photo-4171757.jpeg?auto=compress&cs=tinysrgb&dpr=1&w=500,newfolder\image_05-02-2024-16-01-30-992022.jpg.jpg,scraped-images-b1/newfolder\image_05-02-2024-16-01-30-992022.jpg.jpg
https://images.pexels.com/photos/3797438/pexels-photo-3797438.jpeg?auto=compress&cs=tinysrgb&dpr=1&w=500,newfolder\image_05-02-2024-16-01-33-143460.jpg.jpg,scraped-images-b1/newfolder\image_05-02-2024-16-01-33-143460.jpg.jpg
https://images.pexels.com/photos/1038166/pexels-photo-1038166.jpeg?auto=compress&cs=tinysrgb&dpr=1&w=500,newfolder\image_05-02-2024-16-01-35-114811.jpg.jpg,scraped-images-b1/newfolder\image_05-02-2024-16-01-35-114811.jpg.jpg
https://images.pexels.com/photos/1630410/pexels-photo-1630410.jpeg?auto=compress&cs=tinysrgb&dpr=1&w=500,newfolder\image_05-02-2024-16-01-37-235291.jpg.jpg,scraped-images-b1/newfolder\image_05-02-2024-16-01-37-235291.jpg.jpg
https://images.pexels.com/photos/4355346/pexels-photo-4355346.jpeg?auto=compress&cs=tinysrgb&dpr=1&w=500,newfolder\image_05-02-2024-16-01-39-624921.jpg.jpg,scraped-images-b1/newfolder\image_05-02-2024-16-01-39-624921.jpg.jpg
https://images.pexels.com/photos/2907765/pexels-photo-2907765.jpeg?auto=compress&cs=tinysrgb&dpr=1&w=500,newfolder\image_05-02-2024-16-01-41-829325.jpg.jpg,scraped-images-b1/newfolder\image_05-02-2024-16-01-41-829325.jpg.jpg
https://images.pexels.com/photos/5119214/pexels-photo-5119214.jpeg?auto=compress&cs=tinysrgb&dpr=1&w=500,newfolder\image_05-02-2024-16-01-44-181907.jpg.jpg,scraped-images-b1/newfolder\image_05-02-2024-16-01-44-181907.jpg.jpg
https://images.pexels.com/photos/3746226/pexels-photo-3746226.jpeg?auto=compress&cs=tinysrgb&dpr=1&w=500,newfolder\image_05-02-2024-16-01-46-458155.jpg.jpg,scraped-images-b1/newfolder\image_05-02-2024-16-01-46-458155.jpg.jpg
https://images.pexels.com/photos/2100697/pexels-photo-2100697.jpeg?auto=compress&cs=tinysrgb&dpr=1&w=500,newfolder\image_05-02-2024-16-01-49-057828.jpg.jpg,scraped-images-b1/newfolder\image_05-02-2024-16-01-49-057828.jpg.jpg
https://images.pexels.com/photos/3536067/pexels-photo-3536067.jpeg?auto=compress&cs=tinysrgb&dpr=1&w=500,newfolder\image_05-02-2024-16-01-50-744227.jpg.jpg,scraped-images-b1/newfolder\image_05-02-2024-16-01-50-744227.jpg.jpg
https://images.pexels.com/photos/971613/pexels-photo-971613.jpeg?auto=compress&cs=tinysrgb&dpr=1&w=500,newfolder\image_05-02-2024-16-01-53-253394.jpg.jpg,scraped-images-b1/newfolder\image_05-02-2024-16-01-53-253394.jpg.jpg
https://images.pexels.com/photos/3625610/pexels-photo-3625610.jpeg?auto=compress&cs=tinysrgb&dpr=1&w=500,newfolder\image_05-02-2024-16-01-57-170900.jpg.jpg,scraped-images-b1/newfolder\image_05-02-2024-16-01-57-170900.jpg.jpg
https://images.pexels.com/photos/4177650/pexels-photo-4177650.jpeg?auto=compress&cs=tinysrgb&dpr=1&w=500,newfolder\image_05-02-2024-16-01-59-945089.jpg.jpg,scraped-images-b1/newfolder\image_05-02-2024-16-01-59-945089.jpg.jpg
https://images.pexels.com/photos/596156/pexels-photo-596156.jpeg?auto=compress&cs=tinysrgb&dpr=1&w=500,newfolder\image_05-02-2024-16-02-03-068997.jpg.jpg,scraped-images-b1/newfolder\image_05-02-2024-16-02-03-068997.jpg.jpg
https://images.pexels.com/photos/7479983/pexels-photo-7479983.jpeg?auto=compress&cs=tinysrgb&dpr=1&w=500,newfolder\image_05-02-2024-16-02-05-286782.jpg.jpg,scraped-images-b1/newfolder\image_05-02-2024-16-02-05-286782.jpg.jpg
https://images.pexels.com/photos/7480272/pexels-photo-7480272.jpeg?auto=compress&cs=tinysrgb&dpr=1&w=500,newfolder\image_05-02-2024-16-02-08-697618.jpg.jpg,scraped-images-b1/newfolder\image_05-02-2024-16-02-08-697618.jpg.jpg
https://images.pexels.com/photos/5010664/pexels-photo-5010664.jpeg?auto=compress&cs=tinysrgb&dpr=1&w=500,newfolder\image_05-02-2024-16-02-11-506380.jpg.jpg,scraped-images-b1/newfolder\image_05-02-2024-16-02-11-506380.jpg.jpg
https://images.pexels.com/photos/8686319/pexels-photo-8686319.jpeg?auto=compress&cs=tinysrgb&dpr=1&w=500,newfolder\image_05-02-2024-16-02-13-511666.jpg.jpg,scraped-images-b1/newfolder\image_05-02-2024-16-02-13-511666.jpg.jpg
https://media.istockphoto.com/id/1317804584/photo/one-businesswoman-studio-portrait-looking-at-the-camera.jpg?b=1&s=612x612&w=0&k=20&c=9TYl_jRWGZe3W1mvpGw8yTlh-sd3pwVtKplkuuwJpOQ=,newfolder\image_05-02-2024-16-02-16-402118.jpg.jpg,scraped-images-b1/newfolder\image_05-02-2024-16-02-16-402118.jpg.jpg
https://media.istockphoto.com/id/1355110818/photo/studio-shot-of-a-handsome-and-happy-young-man-posing-against-a-grey-background.jpg?b=1&s=612x612&w=0&k=20&c=tSZSUtYiAp86klVJBpS3D5WkickTE11UvryIXvDrzuQ=,newfolder\image_05-02-2024-16-02-19-450514.jpg.jpg,scraped-images-b1/newfolder\image_05-02-2024-16-02-19-450514.jpg.jpg
https://media.istockphoto.com/id/1386479313/photo/happy-millennial-afro-american-business-woman-posing-isolated-on-white.jpg?b=1&s=612x612&w=0&k=20&c=MsKXmwf7TDRdKRn_lHohhmD5rvVvnGs9ry0xl6CrMT4=,newfolder\image_05-02-2024-16-02-22-944775.jpg.jpg,scraped-images-b1/newfolder\image_05-02-2024-16-02-22-944775.jpg.jpg
https://media.istockphoto.com/id/1319812102/photo/attractive-mature-woman-studio-portrait.jpg?b=1&s=612x612&w=0&k=20&c=906Bb9Eh3To6_fa6HYSdXPfDKyGm4mteQzOE9u534hA=,newfolder\image_05-02-2024-16-02-26-712204.jpg.jpg,scraped-images-b1/newfolder\image_05-02-2024-16-02-26-712204.jpg.jpg
https://images.pexels.com/photos/4972913/pexels-photo-4972913.jpeg?auto=compress&cs=tinysrgb&dpr=1&w=500,newfolder\image_05-02-2024-16-02-30-106589.jpg.jpg,scraped-images-b1/newfolder\image_05-02-2024-16-02-30-106589.jpg.jpg
https://images.pexels.com/photos/5490276/pexels-photo-5490276.jpeg?auto=compress&cs=tinysrgb&dpr=1&w=500,newfolder\image_05-02-2024-16-02-33-458230.jpg.jpg,scraped-images-b1/newfolder\image_05-02-2024-16-02-33-458230.jpg.jpg
https://images.pexels.com/photos/5473950/pexels-photo-5473950.jpeg?auto=compress&cs=tinysrgb&dpr=1&w=500,newfolder\image_05-02-2024-16-02-36-429173.jpg.jpg,scraped-images-b1/newfolder\image_05-02-2024-16-02-36-429173.jpg.jpg
https://images.pexels.com/photos/5878808/pexels-photo-5878808.jpeg?auto=compress&cs=tinysrgb&dpr=1&w=500,newfolder\image_05-02-2024-16-02-40-065179.jpg.jpg,scraped-images-b1/newfolder\image_05-02-2024-16-02-40-065179.jpg.jpg
https://images.pexels.com/photos/12698450/pexels-photo-12698450.jpeg?auto=compress&cs=tinysrgb&dpr=1&w=500,newfolder\image_05-02-2024-16-02-43-547593.jpg.jpg,scraped-images-b1/newfolder\image_05-02-2024-16-02-43-547593.jpg.jpg
https://images.pexels.com/photos/11621973/pexels-photo-11621973.jpeg?auto=compress&cs=tinysrgb&dpr=1&w=500,newfolder\image_05-02-2024-16-02-47-368143.jpg.jpg,scraped-images-b1/newfolder\image_05-02-2024-16-02-47-368143.jpg.jpg
https://images.pexels.com/photos/5938401/pexels-photo-5938401.jpeg?auto=compress&cs=tinysrgb&dpr=1&w=500,newfolder\image_05-02-2024-16-02-51-127182.jpg.jpg,scraped-images-b1/newfolder\image_05-02-2024-16-02-51-127182.jpg.jpg
https://images.pexels.com/photos/5938439/pexels-photo-5938439.jpeg?auto=compress&cs=tinysrgb&dpr=1&w=500,newfolder\image_05-02-2024-16-02-55-283927.jpg.jpg,scraped-images-b1/newfolder\image_05-02-2024-16-02-55-283927.jpg.jpg
https://images.pexels.com/photos/10890173/pexels-photo-10890173.jpeg?auto=compress&cs=tinysrgb&dpr=1&w=500,newfolder\image_05-02-2024-16-03-01-664220.jpg.jpg,scraped-images-b1/newfolder\image_05-02-2024-16-03-01-664220.jpg.jpg
